learning_rate,dropout,valid_accuracy,valid_loss,train_accuracy,train_loss
1e-05,0.3,0.3456,2.2731766909360887,0.3791777777777778,2.0882223627784033
5e-05,0.3,0.3386,2.2734776079654693,0.3642222222222222,2.1529844267801805
2e-05,0.3,0.3472,2.2740332156419756,0.385,2.0655518248677254
2e-05,0.1,0.33740000000000003,2.289639934897423,0.396,2.0514820915731518
1e-05,0.1,0.3336,2.300941687822342,0.41653333333333337,1.974644775417718
5e-05,0.1,0.3242,2.394059193134308,0.46882222222222225,1.7852004566653208
