learning_rate,val_accuracy,val_loss,train_accuracy,train_loss
5e-05,0.35760000000000003,2.2044956743717194,0.4147555555555556,1.9426681040362879
